% Seure to Henri II, Lisbon, 12 December 1558: full text, from BnF ms. fr. 3151, no. 44 (Gallica ark:/12148/btv1b9059865k).
% Clear parts read on fo. 84r, 84v, 86r (views 85-87); cipher parts A, B, C from the contemporary decipher bound
% between the leaves of the letter: fo. 85r (A and the beginning of B; view 86, right-hand page) and fo. 85v (end of
% B, and C; view 87, left-hand page). Transcribed from the images, 2026-10-03/04.
% One segment per line: TAG<TAB>text. Lower case, no punctuation, apostrophes dropped.
%   CLEAR0  opening, in clear in all three copies (nos. 41, 43, 44)
%   CLEAR1  in clear in nos. 41 and 44; in cipher in no. 43
%   A       cipher block A of nos. 41 and 44 (decipher fo. 85r); in cipher in no. 43
%   CLEAR2  in clear in nos. 41 and 44; in cipher in no. 43
%   B       cipher block B of nos. 41 and 44 (decipher fo. 85r-v); in cipher in no. 43
%   CLEAR3  closing formula and date, in clear
%   C       postscript, in cipher in all three copies (decipher fo. 85v). HELD OUT of the key.
% Words whose reading is uncertain: "est a la mer luy servira", "nepveu" (A); "port", "turc", "assez bien peu faire"
% (B); "larache" (C); "auquel en la ville daugusta lequel sr" (CLEAR2); "present" (CLEAR3).
CLEAR0	sire je vous escripviz par ma derniere lettre du xxviii doctobre
CLEAR1	que je donnay a ung courrier portugais nomme anthoine galvan le decez de la royne marie et la peyne en quoy estoient noz voisins pour le peu desperance qui leur restoit que la flotte quilz attendoient du peru deust venir ceste annee a cause que don alvaro de bassan qui lavoit attendue en lisle des assores lespace de deux moys sen estoit retourne sans en avoir eu aucunes nouvelles depuis lad flotte est arrivee a seville le xxe du moys passe ce que je nay peu escripre plustost a vostre majeste pour navoir eu la commodite denvoyer les lettres et aussi que jattendoys de scavoir particulierement la verite de toute la somme quelle a apportee laquelle se monte a deux millions dor en argent assavoir huit cens mille escuz pour le roy philippes et ung million pour les particuliers et cent quatre vingtz mille pour les deffunctz qui ont leurs heritiers pardeca et oultre a la valleur de troys cens mille escuz en cochenille et alfossre qui sont perles de semence de quoy lespaigne a faict une merveilleuse feste comme de chose dont ilz commencoient desia a desesperer pour ceste annee et aussi pour autant que toute lesperance et recours dud roy phelippe comme aultreffoys je vous ay escript est desormais fondee la dessus ilz estoient en tout vingt deux navires dont il y en avoit quatre de guerre qui ont amene avec eulx deux navires de voz subiectz quilz prindrent au port de la havana qui est en lisle de cuba a lopposite de la floride ou ilz estoient attendant lad flotte que si le bon dieu eust voulu quelle ne feust point venue acompaignee de navires de guerre comme elle estoit ou bien lesd voz subiectz qui estoient de dieppe et de la rochelle eussent eu encores troys navires avecques eulx il ny a point de faulte ainsi comme jay entendu de quelques ungs mesmes qui y estoient quilz eussent tout emmene en france de sorte quilz eussent faict pour ung coup ung tresgrant et notable service
A	et par la vostre majeste peult assez evidemment congnoistre combien suyvant ce que je vous en ay aultreffoys escript il seroyt aise doster a vostre ennemy ce grant soullaigement quil a de ce monde de dela ou pour myeulx dire tout le nerf et tout le moyen quil a desormais de maintenir la guerre contre vous lad flotte oultre lad somme quelle a apportee a seville avoit aussi descharge en lisle des assores une grant quantite dargent qui est a plusieurs particuliers et se monte bien a huit ou neuf cens mil escuz dont la pluspart appartient a celluy qui est maintenant viceroy au peru qui lavoit faict descharger en lisle de peur que sil feust venu jusques a seville les officiers du roy philippe ne sen feussent saisiz comme ilz avoient accoustume de faire les ans passez mais daultant que led viceroy est a la mer luy servira par beaucoup car la royne de portugal a accorde et consenty aux susd officiers et ministres du roy philippe que cest argent seroit enleve et porte en espaigne et sur ce a envoye mandement fort rigoreux en lad isle pour le leur faire delivrer et voullant pourveoir que quelque somme dargent qui vienne du peru tant petite soit elle ne se puisse descharger en ce royaulme qui est chose que beaucoup de gens de bien de ce pays cy ont trouve bien estrange et laquelle le feu roy de portugal quelque alliance quil y eust entre eulx neust jamais permise mais il me semble sire que vous luy pourrez bien pardonner cella cy puis que ce nest pas la premiere chose en quoy elle sest monstree bien fort passionnee pour le roy despaigne car jay entendu que par la derniere flotte des hourques qui partit dicy a demy octobre pour aller en flandres elle luy avoit advance une bonne somme dargent quelle avoit tiree des coffres du petit roy son nepveu
CLEAR2	la royne marie laissa plus de quatre cens mille escuz contant qui a trouve la plus part en portugaises quelle donna a ce que lon dict au roy philippe par son testament mais elle donna son bien patrimonial a ung filz bastard que le feu empereur advoua a sa fin auquel en la ville daugusta lequel sr a aussi laisse tout plain dautres biens je vous avoys escript que le roy philippe envoyoit pour visroy du peru don diego dazevedo gentilhomme castellan de fort bon entendement mais il est advenu quil est decede durant ce mois passe et y a ja este nomme par la princesse ung autre en son lieu que lon dit estre homme bien entendu la flotte qui le portera pardela partira de calis a ceste fin de janvier
B	et peu avant cela en partiront dicy deux autres de vingt hourques chargees de marchandises pour flandres qui vauldroient bien la peine que ceulx de dieppe ou de sainct malo y entendissent car celle vauldra infiniment et si ny aura que deux meschans navires de guerre a les accompaigner et encores sont mal armez de toutes choses celle qui partit dicy en octobre est arrivee a port en galice attendant meilleur temps quelle na eu il sen est perdu quelques navires qui estoient de grande valeur le turc ne veult point assieger oran ou noz voysins avoient envoye deux mil hommes que ilz pensoient assez bien peu faire
CLEAR3	qui est tout ce que puis escrire pour ce present a vostre majeste en laquelle sire je prie nostre seigneur vous donner en parfaicte sante tresheureuse et tres longue vye de lisbonne le xiie jour de decembre 1558
C	ilz devoient huict cens mil escuz aux foires de medina quilz avoient faict retarder pour navoir moyen de ce fournir que apres larrivee de la flotte lesquelz sont ja payez et depuis trouve nouveau credit ces jours passez ung navire normant print ung petit navire de guerre de la royne qui alloit a ce que lon dict a larache pour le prendre dont elle a este en grant colere et a faict arrester les navires de voz subiectz qui estoient par son royaulme mais a la fin je luy ay si bien remonstre le tort que avoit son navire quelle les a relaschez
