% Values of nine signs read off the NAF 6638 N. 5 known plaintext (docs/NAF6638.md, docs/KEY.md): the units aligned
% to each of these signs in N. 5 when the sign is given no key value of its own. Columns: sign, unit, occurrences,
% majority (1 = the most frequent unit for the sign). Used by code/decode39.py and code/heldout.py --update.
mt	au	7	1
mt	a	3	0
mt	e	1	0
A	[pour]	11	1
A	po	3	0
A	pou	2	0
A	p	2	0
A	_	2	0
A	our	1	0
V	[faict]	3	1
V	ct	1	0
V	_	1	0
V	[cest]	1	0
V	est	1	0
V	ict	1	0
P	que	40	1
P	_	3	0
P	qu	2	0
P	et	1	0
P	po	1	0
t	m	17	1
t	mb	1	0
t	u	1	0
t	t	1	0
t	em	1	0
t	omm	1	0
t	e	1	0
t	[somme]	1	0
t	_	1	0
4b	et	3	1
4b	_	2	0
14	_	3	1
13	_	1	1
12	_	2	1
12	r	1	0
