% Starting key for code/build_key.py (default): the key of the previous pass of the same procedure, run before the
% last transcription file (letter 41, block B, first lines) was added. With this seed build_key.py converges in two
% iterations to the key documented in docs/KEY.md. Columns: sign, value, evidence, distribution of aligned units.
ff	e	243/290	e:243 a:8 _:8 [mais]:3 m:2 l:2 ais:2 d:2 as:1 nt:1 n:1 u:1 la:1 lad:1 t:1 par:1 mer:1 i:1 bie:1 feu:1 [iamais]:1 po:1 [aultreffoys]:1 [dessus]:1 uou:1 q:1 fic:1 o:1
#	s	114/273	s:114 i:68 _:23 a:11 t:5 e:4 f:4 o:4 l:3 fi:3 po:2 ib:1 de:1 g:1 lli:1 ui:1 [marchandises]:1 y:1 par:1 er:1 qu:1 ci:1 ue:1 ues:1 por:1 nou:1 li:1 il:1 [recours]:1 mbi:1 p:1 r:1 le:1 m:1 [daultant]:1 n:1 bi:1 [iamais]:1 q:1 ip:1 it:1 di:1 ir:1
3s	e	193/227	e:193 _:6 f:6 a:3 p:2 r:2 n:2 po:1 ff:1 iep:1 tie:1 o:1 [royaulme]:1 y:1 dud:1 nt:1 l:1 mer:1 la:1 t:1
+	c	59/170	c:59 r:26 _:10 l:8 m:7 t:6 i:4 mm:3 u:3 d:3 s:2 o:2 la:2 n:2 a:2 q:1 [lest]:1 go:1 ltr:1 luy:1 rs:1 er:1 [despaigne]:1 ues:1 fr:1 e:1 yn:1 uru:1 g:1 lli:1 ffr:1 uel:1 le:1 sr:1 [escript]:1 to:1 cqu:1 lqu:1 our:1 rm:1 x:1 tr:1 rip:1 ur:1 esc:1 eur:1
1	e	142/166	e:142 _:5 n:2 r:2 que:2 lz:1 mez:1 il:1 par:1 a:1 ien:1 ost:1 li:1 u:1 ens:1 nee:1 rre:1 p:1
6	o	77/166	o:77 d:23 _:10 r:10 p:5 ce:4 a:4 u:2 rd:2 ch:2 l:2 e:2 i:1 c:1 qu:1 den:1 y:1 b:1 q:1 luy:1 que:1 [bien]:1 ion:1 lot:1 ue:1 h:1 [ceste]:1 si:1 il:1 er:1 g:1 al:1 ard:1 m:1 t:1
R	de	144/165	de:144 _:4 a:3 i:2 t:2 e:2 p:1 co:1 uou:1 d:1 [faict]:1 [pour]:1 et:1 [prindrent]:1
3	u	113/165	u:113 _:8 r:8 e:7 p:3 s:3 ire:2 ie:1 er:1 [quoy]:1 ra:1 o:1 t:1 me:1 ce:1 n:1 usq:1 et:1 pp:1 [desormais]:1 qui:1 eul:1 [sorte]:1 y:1 pui:1 f:1 [royne]:1 [quelques]:1
^	u	138/157	u:138 _:5 e:2 d:2 l:2 [quoy]:2 o:1 p:1 [quatre]:1 eus:1 bon:1 s:1
f	n	127/154	n:127 i:5 _:3 o:2 u:2 par:1 x:1 q:1 c:1 uue:1 el:1 ins:1 cul:1 t:1 uec:1 est:1 la:1 nee:1 eux:1 ten:1
E	le	108/150	le:108 _:8 n:4 l:3 la:3 p:2 ue:2 s:2 g:2 [leuer]:1 ett:1 es:1 f:1 r:1 ore:1 h:1 i:1 [faire]:1 a:1 nn:1 [peru]:1 po:1 [guerre]:1 en:1 d:1
#1	o	112/141	o:112 _:5 e:4 s:2 en:2 n:2 [marie]:1 m:1 u:1 [uiceroy]:1 for:1 ne:1 ion:1 i:1 a:1 toi:1 [auoit]:1 l:1 [bien]:1 q:1
#b	a	118/140	a:118 _:5 u:2 ro:1 ain:1 o:1 e:1 ont:1 [dargent]:1 c:1 st:1 car:1 [lesperance]:1 do:1 r:1 i:1 que:1 fi:1
d	u	104/133	u:104 _:3 h:2 d:2 a:2 l:2 s:2 on:1 ai:1 ff:1 r:1 i:1 il:1 as:1 [uostre]:1 e:1 n:1 moy:1 q:1 ys:1 eus:1 c:1 eur:1
o	a	115/132	a:115 _:4 il:2 m:1 rty:1 r:1 c:1 p:1 sil:1 e:1 g:1 [toute]:1 bi:1 pas:1
W	s	108/130	s:108 _:4 d:4 r:2 t:2 n:1 [armez]:1 de:1 les:1 lle:1 [autant]:1 en:1 ul:1 l:1 u:1
Aq	t	91/130	t:91 _:5 i:4 r:3 l:3 il:2 d:2 o:1 rm:1 art:1 [portugal]:1 ir:1 pr:1 c:1 iu:1 e:1 [pour]:1 bi:1 [uous]:1 oct:1 s:1 [nauires]:1 [mais]:1 qu:1 q:1 uue:1 lh:1
mm	n	103/128	n:103 x:5 au:5 a:4 _:2 m:1 e:1 eau:1 nee:1 la:1 [france]:1 eru:1 [espaigne]:1 lx:1
Nf	a	108/120	a:108 _:2 i:2 s:1 t:1 g:1 e:1 [fondee]:1 gra:1 [permise]:1 ont:1
z	s	77/117	s:77 g:5 _:4 n:3 u:3 l:3 po:2 p:2 ues:2 luy:1 ff:1 qu:1 r:1 ar:1 [phelippe]:1 [comme]:1 ig:1 f:1 i:1 ce:1 d:1 ug:1 o:1 gn:1 res:1
s	ce	56/114	ce:56 _:16 p:8 e:5 a:3 d:2 is:2 r:2 c:1 t:1 ep:1 ff:1 roy:1 s:1 pp:1 n:1 u:1 [royne]:1 ee:1 ur:1 ier:1 [pour]:1 [eulx]:1 [quilz]:1 i:1 [uiceroy]:1 fr:1 sr:1
sl	i	81/114	i:81 par:6 r:4 _:3 y:2 e:2 o:2 a:2 que:2 al:1 et:1 ue:1 per:1 rip:1 ro:1 c:1 [despaigne]:1 toi:1 re:1
*	d	49/113	d:49 s:11 _:6 ss:5 o:5 e:4 [dargent]:3 l:2 p:2 i:2 r:2 b:1 po:1 ilz:1 qu:1 tar:1 as:1 [royne]:1 [despaigne]:1 mm:1 ues:1 mme:1 se:1 m:1 urr:1 rri:1 rr:1 oc:1 us:1 arg:1 nn:1 q:1 t:1
xx	n	101/112	n:101 p:2 a:2 nne:1 do:1 nee:1 _:1 o:1 le:1 de:1
ooo	t	97/112	t:97 u:2 is:1 e:1 bi:1 b:1 i:1 [aussi]:1 en:1 ult:1 r:1 ent:1 [uingt]:1 tes:1 _:1
Qb	t	101/110	t:101 ic:1 i:1 ge:1 n:1 po:1 ell:1 ent:1 que:1 art:1
Hr	r	89/103	r:89 m:2 arm:1 po:1 _:1 y:1 roy:1 [uous]:1 oit:1 i:1 el:1 e:1 bi:1 est:1
#p	o	77/100	o:77 a:5 de:1 p:1 y:1 [argent]:1 l:1 rou:1 bon:1 q:1 m:1 e:1 en:1 n:1 sto:1 [subiectz]:1 lot:1 as:1 _:1 ion:1
9	e	78/95	e:78 r:3 o:2 rs:1 t:1 h:1 uco:1 a:1 po:1 que:1 [quilz]:1 l:1 f:1 pp:1 nne:1
+f	r	59/86	r:59 _:4 l:3 i:2 [faire]:2 s:1 n:1 ee:1 [dargent]:1 au:1 ipr:1 q:1 [nauires]:1 c:1 que:1 uu:1 [fort]:1 po:1 p:1 b:1 o:1
8	o	37/86	o:37 b:8 _:5 d:4 h:4 pp:3 et:3 p:3 rr:2 r:2 u:2 com:1 ue:1 roy:1 [uiceroy]:1 ch:1 le:1 mm:1 i:1 ap:1 au:1 rd:1 [uous]:1 dis:1
x	x	12/85	x:12 g:8 y:7 com:6 con:5 _:4 p:4 s:4 i:3 c:3 r:3 n:2 t:2 l:2 q:1 is:1 ong:1 ll:1 cel:1 li:1 ch:1 ire:1 luy:1 ul:1 my:1 a:1 ce:1 nn:1 [commencoient]:1 m:1 mm:1 f:1 e:1 par:1
oo	y	46/85	y:46 t:19 i:3 _:2 est:2 ent:2 n:1 [peru]:1 e:1 bi:1 is:1 b:1 a:1 s:1 it:1 p:1 et:1
=	n	69/78	n:69 m:2 _:2 l:1 [aucunes]:1 [desesperer]:1 y:1 te:1
vl	l	55/75	l:55 b:4 g:2 uel:2 r:1 _:1 ch:1 s:1 q:1 u:1 luy:1 be:1 [portugal]:1 ire:1 bre:1 con:1
P	q	30/72	q:30 que:14 _:3 de:3 ue:3 [quelque]:2 c:2 [uostre]:1 [daultant]:1 e:1 g:1 ge:1 ha:1 luy:1 [faire]:1 f:1 z:1 s:1 rge:1 uel:1 t:1 [perdu]:1
c	f	26/69	f:26 l:17 s:2 y:2 [portugal]:2 uel:2 a:2 il:1 o:1 u:1 b:1 h:1 n:1 [nauires]:1 omb:1 g:1 q:1 ue:1 [maieste]:1 lle:1 uil:1 _:1 ldr:1
+d	l	55/66	l:55 les:2 u:2 uos:1 c:1 [philippe]:1 r:1 qu:1 d:1 cel:1
###	m	55/62	m:55 i:1 tr:1 [nauires]:1 e:1 is:1 u:1 t:1
Cx	g	20/61	g:20 y:16 _:5 r:4 p:2 ph:1 l:1 de:1 luy:1 uel:1 ue:1 est:1 ys:1 ai:1 my:1 oy:1 ed:1 e:1 [marchandises]:1
h	r	43/59	r:43 p:3 e:2 is:1 z:1 _:1 a:1 for:1 bre:1 per:1 s:1 pp:1 luy:1 que:1
J	es	45/58	es:45 p:3 r:2 e:1 _:1 er:1 la:1 st:1 lme:1 b:1 a:1
p	c	31/57	c:31 f:3 il:3 t:2 e:2 [faire]:2 ou:1 uff:1 p:1 r:1 o:1 a:1 q:1 tic:1 luy:1 up:1 [argent]:1 et:1 [despaigne]:1 n:1
B	s	26/56	s:26 d:5 [uous]:3 arg:2 r:2 eul:2 o:1 tr:1 tre:1 _:1 u:1 f:1 que:1 [tout]:1 c:1 m:1 qui:1 roy:1 luy:1 [empereur]:1 i:1 pp:1
n	z	44/56	z:44 d:3 s:2 les:1 oy:1 [pour]:1 siz:1 y:1 [pourrez]:1 l:1
v	s	29/56	s:29 _:3 h:3 y:2 g:2 el:1 sfa:1 uel:1 l:1 i:1 urr:1 luy:1 ues:1 o:1 e:1 ue:1 r:1 po:1 [dire]:1 f:1 cha:1 pue:1
N	qui	51/55	qui:51 _:2 par:1 ues:1
cl	l	47/54	l:47 i:3 eru:1 d:1 _:1 [armez]:1
m	m	34/51	m:34 x:3 u:2 _:2 au:2 e:1 a:1 oys:1 [espaigne]:1 ulm:1 [uostre]:1 [desia]:1 [marie]:1
##	i	30/48	i:30 r:7 mm:1 a:1 _:1 lle:1 [iamais]:1 y:1 l:1 pr:1 us:1 [mais]:1 u:1
EE	p	38/42	p:38 g:2 _:2
C	pa	17/38	pa:17 y:11 per:2 a:1 r:1 ge:1 po:1 iay:1 d:1 [part]:1 ne:1
t	m	14/37	m:14 t:5 n:3 u:2 _:2 e:1 c:1 nu:1 ict:1 i:1 h:1 die:1 il:1 s:1 [partit]:1 [quelle]:1
7	_	26/36	_:26 est:4 ay:1 moy:1 que:1 s:1 t:1 is:1
y	s	10/35	s:10 _:4 e:3 dit:2 r:2 l:2 arg:1 i:1 [cest]:1 omm:1 en:1 x:1 rg:1 lad:1 roy:1 d:1 [dict]:1 pri:1
Phi	t	14/33	t:14 f:5 que:2 onf:1 p:1 ge:1 q:1 [daultant]:1 i:1 [dargent]:1 [quelque]:1 u:1 e:1 fl:1 pe:1
A	ur	16/32	ur:16 [pour]:7 _:2 oye:1 c:1 po:1 ay:1 [uingt]:1 p:1 e:1
Tr	_	21/30	_:21 b:3 i:3 ch:1 u:1 d:1
g	p	22/29	p:22 r:2 luy:1 g:1 u:1 br:1 iue:1
ae	[portugal]	4/28	[portugal]:4 et:4 i:3 o:2 r:2 u:2 l:2 toi:1 t:1 con:1 a:1 com:1 de:1 _:1 roy:1 ce:1
cc	i	19/27	i:19 l:3 p:1 qu:1 ul:1 est:1 uel:1
II	i	7/25	i:7 o:4 a:3 t:2 n:1 r:1 _:1 z:1 re:1 e:1 p:1 [annee]:1 sa:1
mt	a	22/24	a:22 [estoient]:1 [deux]:1
Zb	et	9/24	et:9 _:6 ge:1 u:1 ue:1 [uous]:1 [deux]:1 g:1 [peru]:1 q:1 que:1
Lc	i	24/24	i:24
th	h	20/23	h:20 r:1 f:1 [cest]:1
po	il	7/21	il:7 c:4 t:2 _:2 a:1 uoz:1 o:1 n:1 f:1 ic:1
Q	_	12/20	_:12 et:2 i:2 que:2 sd:1 [uostre]:1
M	_	18/18	_:18
Ve	t	9/17	t:9 que:3 r:3 u:1 _:1
8p	p	15/17	p:15 l:1 la:1
To	_	7/16	_:7 moy:2 i:1 m:1 q:1 u:1 [peru]:1 moi:1 est:1
V	h	7/16	h:7 [faict]:5 ict:1 fa:1 s:1 g:1
a	_	11/16	_:11 b:2 u:1 sch:1 uel:1
?	_	10/16	_:10 t:2 b:1 f:1 u:1 beau:1
S	r	7/14	r:7 si:2 que:1 [amene]:1 [uostre]:1 co:1 con:1
12	_	13/14	_:13 ue:1
Rl	i	13/14	i:13 [ainsi]:1
100	_	11/12	_:11 ss:1
2	_	9/12	_:9 t:1 bt:1 que:1
Ob	l	7/11	l:7 ur:1 t:1 e:1 nco:1
L	e	6/11	e:6 deb:1 o:1 _:1 s:1 i:1
+o	_	10/11	_:10 i:1
23	_	8/10	_:8 s:1 [peru]:1
r	i	5/10	i:5 g:2 _:2 l:1
lo	_	6/10	_:6 r:1 il:1 t:1 par:1
Ce	_	7/9	_:7 g:2
cc?	l	3/9	l:3 i:2 mbi:1 ipt:1 ain:1 _:1
Rq	et	6/8	et:6 ilz:1 l:1
k	g	2/7	g:2 uel:1 cc:1 f:1 l:1 pl:1
uT	s	2/7	s:2 l:1 n:1 e:1 ge:1 a:1
ta	[nauires]	7/7	[nauires]:7
pa	ent	5/7	ent:5 e:1 [argent]:1
Dt	t	6/7	t:6 a:1
vt	s	3/7	s:3 l:1 e:1 b:1 p:1
oo?	t	5/7	t:5 y:2
ii	_	5/6	_:5 n:1
Cz	g	3/6	g:3 p:1 _:1 i:1
=o	_	5/6	_:5 n:1
4b	et	5/6	et:5 a:1
Cs	e	3/5	e:3 _:1 m:1
l	il	2/5	il:2 ue:1 les:1 e:1
ts	m	4/5	m:4 x:1
Cd	p	1/5	p:1 yer:1 a:1 cel:1 fe:1
U	h	4/5	h:4 urq:1
c?	l	2/5	l:2 e:1 q:1 f:1
8?	o	3/5	o:3 con:1 b:1
Wl	is	1/5	is:1 _:1 u:1 ss:1 ess:1
14	_	4/5	_:4 ier:1
ss	q	1/4	q:1 c:1 ais:1 com:1
13	_	4/4	_:4
re	_	2/4	_:2 s:1 i:1
Tq	re	1/4	re:1 m:1 u:1 po:1
C3	a	1/3	a:1 ire:1 r:1
+2	i	3/3	i:3
Ak	_	2/3	_:2 di:1
ma	e	1/3	e:1 [espaigne]:1 [lespaigne]:1
dd	_	3/3	_:3
30	_	3/3	_:3
p?	f	2/3	f:2 c:1
Sh	f	1/3	f:1 por:1 r:1
N_Phib	que	3/3	que:3
O	t	1/2	t:1 y:1
8b	r	1/2	r:1 t:1
4	est	1/2	est:1 a:1
ca	la	1/2	la:1 [marie]:1
CR	i	1/2	i:1 g:1
sm	t	1/2	t:1 _:1
t?	n	2/2	n:2
3o	y	1/2	y:1 _:1
Xs	g	2/2	g:2
N_ang	bl	1/2	bl:1 o:1
N_ven	t	1/2	t:1 q:1
bar	_	1/1	_:1
Ca	_	1/1	_:1
Pb	o	1/1	o:1
Pt	que	1/1	que:1
yb	r	1/1	r:1
cx	il	1/1	il:1
H	lz	1/1	lz:1
tl	u	1/1	u:1
Lam	s	1/1	s:1
#x	li	1/1	li:1
Il	_	1/1	_:1
Td	[castille]	1/1	[castille]:1
Et	_	1/1	_:1
D	e	1/1	e:1
CS	i	1/1	i:1
Cv	g	1/1	g:1
Pl	a	1/1	a:1
rr	p	1/1	p:1
40	a	1/1	a:1
Lcs	[peru]	1/1	[peru]:1
Ll	oys	1/1	oys:1
N_lo0	b	1/1	b:1
